{"d":0.8899999856948853,"dt":4,"ts":"2022-10-28T14:33:46.537000Z","q":192}