{"d":3.990000009536743,"dt":4,"ts":"2022-10-28T14:34:24.285000Z","q":192}