{"d":1.4199999570846558,"dt":4,"ts":"2023-08-02T09:55:36.573000Z","q":192}