{"d":33.43000030517578,"dt":4,"ts":"2023-08-02T09:56:37.552000Z","q":192}