{"d":235.47999572753907,"dt":4,"ts":"2023-08-02T09:56:11.763000Z","q":192}