{"d":0.019999999552965165,"dt":4,"ts":"2022-09-15T02:26:50.162000Z","q":192}