{"d":-0.9200000166893005,"dt":4,"ts":"2023-08-02T09:47:28.863000Z","q":192}