{"d":236.30999755859376,"dt":4,"ts":"2023-08-02T09:57:01.582000Z","q":192}