{"d":-73.11000061035156,"dt":4,"ts":"2023-08-02T09:57:01.581000Z","q":192}