{"d":236.39999389648438,"dt":4,"ts":"2023-08-02T09:57:01.582000Z","q":192}